{
    "spider": "http://127.0.0.1:9978/file/TVBoxOSC/本地仓/spider.jar",
    "wallpaper": "http://127.0.0.1:9978/proxy?do=wallpaper",
    "logo": "http://127.0.0.1:9978/file/TVBox/logo.png",
    "sites": [
        {
            "key": "豆瓣",
            "name": "豆瓣｜首页",
            "type": 3,
            "api": "csp_Douban",
            "searchable": 0
        },
        {
            "key": "配置中心",
            "name": "配置｜中心",
            "type": 3,
            "api": "csp_Config",
            "searchable": 0,
            "changeable": 0,
            "indexs": 0,
            "style": {
                "type": "rect",
                "ratio": 1.597
            }
        },
        {
            "key": "本地",
            "name": "本地｜视频",
            "type": 3,
            "api": "csp_LocalFile"
        },
        {
            "key": "预告",
            "name": "新片｜预告",
            "type": 3,
            "api": "csp_YGP",
            "searchable": 0
        },
        {
            "key": "热播影视",
            "name": "热播｜APP",
            "type": 3,
            "api": "csp_AppRJ",
            "searchable": 1,
            "quickSearch": 1,
            "filterable": 0,
            "ext": {
                "url": "http://v.rbotv.cn"
            }
        },
        {
            "key": "韩圈",
            "name": "韩圈｜APP",
            "type": 3,
            "api": "csp_Hxq",
            "ext": "https://fishapi.wya6.com/fish/fishhxq.php"
        },
        {
            "key": "奴娜",
            "name": "奴娜丨APP",
            "type": 3,
            "api": "csp_AppYsV2",
            "searchable": 1,
            "quickSearch": 1,
            "filterable": 1,
            "ext": "https://www.nntv.in/api.php/v1.vod"
        },
        {
            "key": "麒麟",
            "name": "麒麟｜APP",
            "type": 3,
            "api": "csp_AppFox",
            "searchable": 1,
            "changeable": 1,
            "ext": {
                "host": "https://qh.70qh.top",
                "ver": 2
            }
        },
        {
            "key": "咕噜",
            "name": "咕噜｜APP",
            "type": 3,
            "api": "csp_AppFox",
            "searchable": 1,
            "changeable": 1,
            "ext": {
                "host": "http://www.yingsw.top",
                "key": "guluyinghua_123",
                "sign": "679543610991810f19698c187e5e106e"
            }
        },
        {
            "key": "搜搜",
            "name": "搜搜｜APP",
            "type": 3,
            "api": "csp_AppFox",
            "searchable": 1,
            "changeable": 1,
            "ext": "https://www.zjcvod.com"
        },
        {
            "key": "顾我",
            "name": "顾我｜APP",
            "type": 3,
            "api": "csp_AppQi",
            "searchable": 1,
            "changeable": 1,
            "ext": {
                "url": "http://117.50.204.35:520",
                "dataKey": "ca94b06ca3c7d80e",
                "dataIv": "ca94b06ca3c7d80e",
                "search": "gftvvvvklod",
                "init": "initV122",
                "ua": "okhttp/3.10.0"
            }
        },
        {
            "key": "爱盈",
            "name": "爱盈｜APP",
            "type": 3,
            "api": "csp_AppQi",
            "searchable": 1,
            "changeable": 1,
            "ext": {
                "site": "https://rxysyyds.oss-cn-chengdu.aliyuncs.com/qiji.txt",
                "dataKey": "sjvlwnhk6h9znl61",
                "dataIv": "sjvlwnhk6h9znl61",
                "version": "305",
                "ua": "okhttp/3.10.0"
            }
        },
        {
            "key": "金牌",
            "name": "金牌｜APP",
            "type": 3,
            "api": "csp_AppQi",
            "searchable": 1,
            "changeable": 1,
            "ext": {
                "site": "https://dtqj.ggtvb.cc/dtjp.txt",
                "dataKey": "eecbio48dsq131ee",
                "dataIv": "eecbio48dsq131ee",
                "search": "searchList4",
                "version": "305",
                "init": "initV122",
                "ua": "okhttp/3.10.0"
            }
        },
        {
            "key": "小猪",
            "name": "小猪｜APP",
            "type": 3,
            "api": "csp_AppQi",
            "searchable": 1,
            "changeable": 1,
            "ext": {
                "site": "https://tiantangyoulu.oss-cn-beijing.aliyuncs.com/aoteman.txt",
                "dataKey": "lp3d4t53y9t5db8y",
                "dataIv": "lp3d4t53y9t5db8y",
                "search": "searchList9",
                "init": "initV122",
                "ua": "okhttp/3.10.0"
            }
        },
        {
            "key": "鲸鱼",
            "name": "鲸鱼｜APP",
            "type": 3,
            "api": "csp_AppQi",
            "searchable": 1,
            "changeable": 1,
            "ext": {
                "site": "https://jingyu4k-1312635929.cos.ap-nanjing.myqcloud.com/juyu3.json",
                "dataKey": "AAdgrdghjfgsABC1",
                "dataIv": "AAdgrdghjfgsABC1",
                "init": "initV122",
                "ua": "okhttp/3.10.0"
            }
        },
        {
            "key": "爱影",
            "name": "爱影｜APP",
            "type": 3,
            "api": "csp_AppQi",
            "searchable": 1,
            "changeable": 1,
            "ext": {
                "site": "https://aysappto.oss-cn-chengdu.aliyuncs.com/q16.txt",
                "dataKey": "dj382hsyqp98kqn8",
                "dataIv": "dj382hsyqp98kqn8",
                "search": "mineInfo"
            }
        },
        {
            "key": "橘子",
            "name": "橘子｜APP",
            "type": 3,
            "api": "csp_AppQi",
            "searchable": 1,
            "changeable": 1,
            "ext": {
                "site": "https://juziapp-1319209748.cos.ap-chengdu.myqcloud.com/juzi.txt",
                "dataKey": "jasaFBcdV3zrUDf2",
                "dataIv": "jasaFBcdV3zrUDf2",
                "version": "305",
                "init": "initV122",
                "ua": "okhttp/3.10.0"
            }
        },
        {
            "key": "优兔",
            "name": "优兔｜APP",
            "type": 3,
            "api": "csp_AppQi",
            "searchable": 1,
            "changeable": 1,
            "ext": {
                "site": "https://uututv-1319209748.cos.ap-shanghai.myqcloud.com/uutuv4.txt",
                "dataKey": "UrWKPnmQWJA8AQzd",
                "dataIv": "UrWKPnmQWJA8AQzd",
                "ua": "okhttp/3.10.0"
            }
        },
        {
            "key": "七壹",
            "name": "七壹｜APP",
            "type": 3,
            "api": "csp_AppGet",
            "searchable": 1,
            "changeable": 1,
            "ext": {
                "url": "https://qiyiys.cc",
                "dataKey": "45452893929B40D9",
                "dataIv": "45452893929B40D9"
            }
        },
        {
            "key": "缘梦",
            "name": "缘梦｜APP",
            "type": 3,
            "api": "csp_AppGet",
            "searchable": 1,
            "changeable": 1,
            "ext": {
                "url": "http://165.99.42.137:5432",
                "dataKey": "1234567890987654",
                "dataIv": "1234567890987654"
            }
        },
        {
            "key": "王子",
            "name": "王子｜APP",
            "type": 3,
            "api": "csp_AppGet",
            "searchable": 1,
            "changeable": 1,
            "ext": {
                "url": "https://app.95112475.xyz",
                "dataKey": "5a9w6x58dsq6z3a6",
                "dataIv": "5a9w6x58dsq6z3a6"
            }
        },
        {
            "key": "小猫",
            "name": "小猫｜APP",
            "type": 3,
            "api": "csp_AppGet",
            "searchable": 1,
            "changeable": 1,
            "ext": {
                "site": "http://xywlkj.oss-cn-beijing.aliyuncs.com/wp-content/uploads/2024/12/1.txt",
                "dataKey": "xmyxmyxywlkjxywl",
                "dataIv": "xmyxmyxywlkjxywl"
            }
        },
        {
            "key": "气球",
            "name": "气球｜APP",
            "type": 3,
            "api": "csp_AppGet",
            "searchable": 1,
            "changeable": 1,
            "ext": {
                "url": "https://vv.229d.cn",
                "dataKey": "8888888888888888",
                "dataIv": "8888888888888888"
            }
        },
        {
            "key": "白鸽",
            "name": "白鸽｜APP",
            "type": 3,
            "api": "csp_AppGet",
            "searchable": 1,
            "changeable": 1,
            "ext": {
                "url": "https://cy.baige.asia",
                "dataKey": "599D0FE5178642FD",
                "dataIv": "599D0FE5178642FD"
            }
        },
        {
            "key": "魔方",
            "name": "魔方｜APP",
            "type": 3,
            "api": "csp_AppGet",
            "searchable": 1,
            "changeable": 1,
            "ext": {
                "url": "http://www.613mf4k12.top",
                "dataKey": "1234567887654321",
                "dataIv": "1234567887654321"
            }
        },
        {
            "key": "瑞奇",
            "name": "瑞奇｜APP",
            "type": 3,
            "api": "csp_AppGet",
            "searchable": 1,
            "changeable": 1,
            "ext": {
                "url": "http://rqxk.gdata.fun",
                "dataKey": "yangruiqiYsapp00",
                "dataIv": "yangruiqiYsapp00"
            }
        },
        {
            "key": "茉莉",
            "name": "茉莉｜APP",
            "type": 3,
            "api": "csp_AppGet",
            "searchable": 1,
            "changeable": 1,
            "ext": {
                "site": "https://gitee.com/wmmoliill/wimg/raw/master/img/bk/9.txt",
                "dataKey": "88689667dce61725",
                "dataIv": "88689667dce61725"
            }
        },
        {
            "key": "驿站",
            "name": "驿站丨APP",
            "type": 3,
            "api": "csp_AppGet",
            "searchable": 1,
            "changeable": 1,
            "ext": {
                "site": "https://dyyztvappapigoodgx.68.gy:12689/ciwk28vu38io8/apiurl.txt",
                "dataKey": "dyyztvapiappyyds",
                "dataIv": "dyyztvapiappyyds"
            }
        },
        {
            "key": "零度",
            "name": "零度｜APP",
            "type": 3,
            "api": "csp_AppNox",
            "ext": {
                "url": "http://ld.ldysapp.cn",
                "header": {
                    "content-type": "application/json",
                    "x-app-signature": "70:DF:B1:2A:AE:C3:E3:73:6E:23:0F:67:B9:3B:C5:63:2D:EA:2A:2C:9E:9D:52:82:1D:3F:3C:3C:B9:10:9E:EE",
                    "x-app-package": "com.mjyx.jhxq",
                    "x-app-version-code": "36",
                    "x-app-version-name": "2.2.6"
                }
            }
        },
        {
            "key": "粉象",
            "name": "粉象｜APP",
            "type": 3,
            "api": "csp_AppNox",
            "ext": {
                "url": "http://64.64.252.93:8080",
                "header": {
                    "content-type": "application/json",
                    "x-app-signature": "DD:78:90:EA:BD:D3:C2:EA:A4:E1:42:2B:CF:3E:A2:9F:9C:0E:BF:94:1E:85:43:B5:3C:FE:4E:1B:51:39:22:98",
                    "x-app-package": "com.fenxiang.make",
                    "x-app-version-code": "1",
                    "x-app-version-name": "1.0.0"
                }
            }
        },
        {
            "key": "橘猫",
            "name": "橘猫｜APP",
            "type": 3,
            "api": "csp_AppNox",
            "ext": {
                "url": "https://nox.jm4k.top",
                "header": {
                    "content-type": "application/json",
                    "x-app-signature": "6D:77:A5:59:EA:EA:2E:4E:CC:E3:FE:B9:5D:8D:B0:F0:12:17:11:AD:82:97:87:FA:F7:88:18:37:6A:63:4F:38",
                    "x-app-package": "com.gnzhis.nru",
                    "x-app-version-code": "2",
                    "x-app-version-name": "2.4.1"
                }
            }
        },
        {
            "key": "片喵",
            "name": "片喵｜APP",
            "type": 3,
            "api": "csp_AppNox",
            "ext": {
                "url": "https://svip.2video.cc",
                "header": {
                    "content-type": "application/json",
                    "x-app-signature": "70:DF:B1:2A:AE:C3:E3:73:6E:23:0F:67:B9:3B:C5:63:2D:EA:2A:2C:9E:9D:52:82:1D:3F:3C:3C:B9:10:9E:EE",
                    "x-app-package": "com.ds.wlss",
                    "x-app-version-code": "56",
                    "x-app-version-name": "1.2.6"
                }
            }
        },
        {
            "key": "火猫",
            "name": "火猫｜APP",
            "type": 3,
            "api": "csp_AppNox",
            "ext": {
                "url": "https://jp5.ggtvb.cc",
                "header": {
                    "content-type": "application/json",
                    "x-app-signature": "11:05:5B:0E:DD:14:6A:96:38:28:CB:29:7D:5F:04:57:3F:D6:EC:6A:C4:54:4F:4D:44:72:0A:C1:8E:DD:A9:58",
                    "x-app-package": "cc.xzsc.user",
                    "x-app-version-code": "12",
                    "x-app-version-name": "5.2"
                }
            }
        },
        {
            "key": "幕悦",
            "name": "幕悦｜APP",
            "type": 3,
            "api": "csp_AppNox",
            "ext": {
                "url": "http://111.170.7.114:8989",
                "header": {
                    "content-type": "application/json",
                    "x-app-signature": "3D:D7:7B:07:B0:81:49:AF:90:5E:39:2B:B8:59:A9:99:89:EB:D5:35:6E:06:C0:A4:BE:44:B6:16:43:33:C4:C3",
                    "x-app-package": "com.muyuesg.app",
                    "x-app-version-code": "12",
                    "x-app-version-name": "0.1.2"
                }
            }
        },
        {
            "key": "随看",
            "name": "随看｜APP",
            "type": 3,
            "api": "csp_AppNox",
            "ext": {
                "url": "https://skapp.tpmbt.cn",
                "header": {
                    "content-type": "application/json",
                    "x-app-signature": "28:FA:41:C9:95:6D:9A:36:0A:FC:FC:22:12:78:80:10:B7:47:0B:8F:CE:AB:A9:49:85:22:B3:EA:57:35:C2:D1",
                    "x-app-package": "com.mfbrjy.aqb",
                    "x-app-version-code": "320",
                    "x-app-version-name": "3.2.0"
                }
            }
        },
        {
            "key": "星影",
            "name": "星影｜APP",
            "type": 3,
            "api": "csp_AppNox",
            "ext": {
                "url": "http://110.81.153.7:8081",
                "header": {
                    "content-type": "application/json",
                    "x-app-signature": "65:10:73:C4:52:FE:2D:8B:88:76:C2:17:83:C1:D3:6B:E3:2D:E0:40:F4:49:05:92:02:AA:DF:C3:12:78:1C:0C",
                    "x-app-package": "com.asxkkc.jbz",
                    "x-app-version-code": "5",
                    "x-app-version-name": "1.3.9"
                }
            }
        },
        {
            "key": "回响",
            "name": "回响｜APP",
            "type": 3,
            "api": "csp_AppNox",
            "ext": {
                "url": "http://110.42.37.69:8080",
                "header": {
                    "content-type": "application/json",
                    "x-app-signature": "EB:19:FD:A7:8F:67:99:CD:6C:F0:6F:A4:72:3F:7A:C7:E9:2E:95:79:6F:5B:60:EA:CD:D8:05:CF:3E:06:D9:71",
                    "x-app-package": "com.recall.app",
                    "x-app-version-code": "22",
                    "x-app-version-name": "2.2.0"
                }
            }
        },
        {
            "key": "哔哩视频",
            "name": "哔哩｜视频",
            "type": 3,
            "api": "csp_BiliYS",
            "searchable": 1,
            "quickSearch": 0,
            "filterable": 0,
            "changeable": 0,
            "style": {
                "type": "rect",
                "ratio": 1.433
            },
            "ext": {
                "json": "./json/哔哩视频.json",
                "cookie": "http://127.0.0.1:9978/file/TVBox/bili_cookie.txt"
            }
        },
        {
            "key": "腾讯视频",
            "name": "腾讯｜视频",
            "type": 3,
            "api": "./js/drpy2.min.js",
            "ext": "./js/腾讯视频.js"
        },
        {
            "key": "优酷视频",
            "name": "优酷｜视频",
            "type": 3,
            "api": "./js/drpy2.min.js",
            "ext": "./js/优酷视频.js"
        },
        {
            "key": "芒果视频",
            "name": "芒果｜视频",
            "type": 3,
            "api": "./js/drpy2.min.js",
            "ext": "./js/芒果视频.js"
        },
        {
            "key": "爱奇艺",
            "name": "爱奇艺｜视频",
            "type": 3,
            "api": "./js/drpy2.min.js",
            "ext": "./js/爱奇艺.js"
        },
        {
            "key": "三六零",
            "name": "三六零｜视频",
            "type": 3,
            "api": "csp_SP360"
        },
        {
            "key": "哔哩合集",
            "name": "哔哩｜合集",
            "type": 3,
            "api": "csp_Bili",
            "searchable": 1,
            "quickSearch": 0,
            "filterable": 0,
            "changeable": 0,
            "style": {
                "type": "rect",
                "ratio": 1.433
            },
            "ext": {
                "json": "./json/哔哩合集.json",
                "cookie": "http://127.0.0.1:9978/file/TVBox/bili_cookie.txt"
            }
        },
        {
            "key": "甜圈短剧",
            "name": "甜圈｜短剧",
            "type": 3,
            "api": "csp_TianquanDJ",
            "searchable": 1,
            "changeable": 1,
            "quickSearch": 1,
            "filterable": 1,
            "类型": "短剧"
        },
        {
            "key": "锦鲤短剧",
            "name": "锦鲤｜短剧",
            "type": 3,
            "api": "csp_JinliDJ",
            "searchable": 1,
            "changeable": 1,
            "quickSearch": 1,
            "filterable": 1,
            "类型": "短剧"
        },
        {
            "key": "星阁短剧",
            "name": "星阁｜短剧",
            "type": 3,
            "api": "csp_XinggeDJ",
            "searchable": 1,
            "changeable": 1,
            "quickSearch": 1,
            "filterable": 1,
            "类型": "短剧"
        },
        {
            "key": "星芽短剧",
            "name": "星芽｜短剧",
            "type": 3,
            "api": "./py/星芽短剧.py",
            "searchable": 1,
            "changeable": 1,
            "quickSearch": 1,
            "filterable": 1,
            "类型": "短剧"
        },
        {
            "key": "剧王短剧",
            "name": "剧王｜短剧",
            "type": 3,
            "api": "./py/剧王短剧.py",
            "searchable": 1,
            "changeable": 1,
            "quickSearch": 1,
            "filterable": 1,
            "类型": "短剧"
        },
        {
            "key": "厂长影视",
            "name": "厂长｜影视",
            "type": 3,
            "api": "csp_Czsapp",
            "searchable": 1,
            "quickSearch": 1,
            "filterable": 1,
            "ext": "https://www.czzymovie.com"
        },
        {
            "key": "金牌影视",
            "name": "金牌｜影视",
            "type": 3,
            "api": "csp_Jpys",
            "ext": "https://m.610pkea.com,https://y2s52n7.com,https://m.hkybqufgh.com,https://m.sizhengxt.com,https://m.9zhoukj.com,https://m.sizhengxt.com,https://m.jiabaide.cn"
        },
        {
            "key": "云播影视",
            "name": "云播｜影视",
            "type": 3,
            "api": "csp_Tvyb",
            "ext": "http://www.tvyb03.com"
        },
        {
            "key": "苹果影视",
            "name": "苹果｜影视",
            "type": 3,
            "api": "csp_LiteApple"
        },
        {
            "key": "饺子影视",
            "name": "饺子｜影视",
            "type": 3,
            "api": "csp_Jiaozi"
        },
        {
            "key": "瓜子影视",
            "name": "瓜子｜影视",
            "type": 3,
            "api": "csp_Gz360"
        },
        {
            "key": "骚火影视",
            "name": "骚火｜影视",
            "type": 3,
            "api": "csp_SaoHuo",
            "ext": "https://shdy5.us"
        },
        {
            "key": "农民影视",
            "name": "农民｜影视",
            "type": 3,
            "api": "csp_Wwys",
            "ext": "https://vip.wwgz.cn:5200"
        },
        {
            "key": "爱看机器人",
            "name": "爱看｜影视",
            "type": 3,
            "api": "csp_Ikanbot",
            "searchable": 1,
            "quickSearch": 1,
            "filterable": 1
        },
        {
            "key": "韩剧看看",
            "name": "韩剧｜影视",
            "type": 3,
            "api": "csp_XBPQ",
            "ext": "./XBPQ/韩剧看看.json"
        },
        {
            "key": "小镇影视",
            "name": "小镇｜影视",
            "type": 3,
            "api": "csp_XBPQ",
            "ext": "./XBPQ/小镇影视.json"
        },
        {
            "key": "面包影视",
            "name": "面包｜影视",
            "type": 3,
            "api": "csp_XBPQ",
            "ext": "./XBPQ/面包影视.json"
        },
        {
            "key": "永乐影视",
            "name": "永乐｜影视",
            "type": 3,
            "api": "csp_XBPQ",
            "ext": "./XBPQ/永乐影视.json"
        },
        {
            "key": "剧圈影视",
            "name": "剧圈｜影视",
            "type": 3,
            "api": "csp_XYQHiker",
            "ext": "./XYQHiker/剧圈影视.json"
        },
        {
            "key": "来看影视",
            "name": "来看｜影视",
            "type": 3,
            "api": "csp_XYQHiker",
            "ext": "./XYQHiker/来看影视.json"
        },
        {
            "key": "采集之王",
            "name": "采集｜合集",
            "type": 3,
            "api": "./js/drpy2.min.js",
            "ext": "./js/采集之王.js?type=url&params=../json/采集静态.json$1$1"
        },
        {
            "key": "1905",
            "name": "1905｜影视",
            "type": 3,
            "api": "csp_Web1905",
            "searchable": 1,
            "quickSearch": 0,
            "filterable": 0
        },
        {
            "key": "版本信息",
            "name": "版本｜信息",
            "type": 3,
            "api": "csp_Market",
            "searchable": 0,
            "changeable": 0,
            "indexs": 0,
            "ext": "https://pizazz.s3.bitiful.net/multi.json"
        },
        {
            "key": "push_agent",
            "name": "手机｜推送",
            "type": 3,
            "api": "csp_Push",
            "searchable": 0,
            "filterable": 0,
            "changeable": 0
        }
    ],
    "lives": [
        {}
    ],
    "parses": [
        {
            "name": "聚合",
            "type": 3,
            "url": "Web"
        },
        {
            "name": "虾米",
            "type": 0,
            "url": "https://jx.xmflv.com/?url=",
            "ext": {
                "header": {
                    "user-agent": "Mozilla/5.0 (Windows NT 10.0; Win64; x64) AppleWebKit/537.36 (KHTML, like Gecko) Chrome/110.0.0.0 Safari/537.36 Edg/110.0.1587.57"
                }
            }
        },
        {
            "name": "咸鱼",
            "type": 0,
            "url": "https://jx.xymp4.cc/?url=",
            "ext": {
                "header": {
                    "user-agent": "Mozilla/5.0 (X11; Linux x86_64) AppleWebKit/537.36 (KHTML, like Gecko) Chrome/134.0.0.0 Safari/537.36 Edg/134.0.3124.68"
                }
            }
        },
        {
            "name": "淘片",
            "type": 0,
            "url": "https://jx.yparse.com/index.php?url=",
            "ext": {
                "header": {
                    "user-agent": "Mozilla/5.0 (Linux; Android 13; V2049A Build/TP1A.220624.014; wv) AppleWebKit/537.36 (KHTML, like Gecko) Version/4.0 Chrome/116.0.0.0 Mobile Safari/537.36"
                }
            }
        },
        {
            "name": "冰豆",
            "type": 0,
            "url": "https://bd.jx.cn/?url=",
            "ext": {
                "header": {
                    "user-agent": "Mozilla/5.0 (Linux; Android 13; V2049A Build/TP1A.220624.014; wv) AppleWebKit/537.36 (KHTML, like Gecko) Version/4.0 Chrome/116.0.0.0 Mobile Safari/537.36"
                }
            }
        },
        {
            "name": "七七",
            "type": 0,
            "url": "https://jx.77flv.cc/?url=",
            "ext": {
                "header": {
                    "user-agent": "Mozilla/5.0 (Linux; Android 13; V2049A Build/TP1A.220624.014; wv) AppleWebKit/537.36 (KHTML, like Gecko) Version/4.0 Chrome/116.0.0.0 Mobile Safari/537.36"
                }
            }
        },
        {
            "name": "盘古",
            "type": 0,
            "url": "https://www.playm3u8.cn/jiexi.php?url=",
            "ext": {
                "header": {
                    "user-agent": "Mozilla/5.0 (Linux; Android 13; V2049A Build/TP1A.220624.014; wv) AppleWebKit/537.36 (KHTML, like Gecko) Version/4.0 Chrome/116.0.0.0 Mobile Safari/537.36"
                }
            }
        },
        {
            "name": "夜幕",
            "type": 0,
            "url": "https://yemu.xyz/?url=",
            "ext": {
                "header": {
                    "user-agent": "Mozilla/5.0 (Linux; Android 13; V2049A Build/TP1A.220624.014; wv) AppleWebKit/537.36 (KHTML, like Gecko) Version/4.0 Chrome/116.0.0.0 Mobile Safari/537.36"
                }
            }
        }
    ],
    "rules": [
        {
            "name": "农民",
            "hosts": [
                "toutiaovod.com"
            ],
            "regex": [
                "video/tos/cn"
            ]
        },
        {
            "name": "火山",
            "hosts": [
                "huoshan.com"
            ],
            "regex": [
                "item_id="
            ]
        },
        {
            "name": "抖音",
            "hosts": [
                "douyin.com"
            ],
            "regex": [
                "is_play_url="
            ]
        },
        {
            "name": "磁力广告",
            "hosts": [
                "magnet"
            ],
            "regex": [
                "更多",
                "请访问",
                "example",
                "社 區",
                "x u u",
                "直 播",
                "更 新",
                "社 区",
                "有趣",
                "有 趣",
                "英皇体育",
                "全中文AV在线",
                "澳门皇冠赌场",
                "哥哥快来",
                "美女荷官",
                "裸聊",
                "新片首发",
                "UUE29"
            ]
        },
        {
            "name": "饭团点击",
            "hosts": [
                "dadagui",
                "freeok",
                "dadagui"
            ],
            "script": [
                "document.querySelector(\"#playleftiframe\").contentWindow.document.querySelector(\"#start\").click();"
            ]
        },
        {
            "name": "毛驴点击",
            "hosts": [
                "www.maolvys.com"
            ],
            "script": [
                "document.getElementsByClassName('swal-buttonswal-button--confirm')[0].click()"
            ]
        }
    ],
    "doh": [
        {
            "name": "Google",
            "url": "https://dns.google/dns-query",
            "ips": [
                "8.8.4.4",
                "8.8.8.8"
            ]
        },
        {
            "name": "Cloudflare",
            "url": "https://cloudflare-dns.com/dns-query",
            "ips": [
                "1.1.1.1",
                "1.0.0.1",
                "2606:4700:4700::1111",
                "2606:4700:4700::1001"
            ]
        },
        {
            "name": "AdGuard",
            "url": "https://dns.adguard.com/dns-query",
            "ips": [
                "94.140.14.140",
                "94.140.14.141"
            ]
        },
        {
            "name": "DNSWatch",
            "url": "https://resolver2.dns.watch/dns-query",
            "ips": [
                "84.200.69.80",
                "84.200.70.40"
            ]
        },
        {
            "name": "Quad9",
            "url": "https://dns.quad9.net/dns-quer",
            "ips": [
                "9.9.9.9",
                "149.112.112.112"
            ]
        }
    ],
    "flags": [
        "youku",
        "优酷",
        "优 酷",
        "优酷视频",
        "qq",
        "腾讯",
        "腾 讯",
        "腾讯视频",
        "iqiyi",
        "qiyi",
        "奇艺",
        "爱奇艺",
        "爱 奇 艺",
        "m1905",
        "xigua",
        "letv",
        "leshi",
        "乐视",
        "乐 视",
        "sohu",
        "搜狐",
        "搜 狐",
        "搜狐视频",
        "tudou",
        "pptv",
        "mgtv",
        "芒果",
        "imgo",
        "芒果TV",
        "芒 果 T V",
        "bilibili",
        "哔 哩",
        "哔 哩 哔 哩"
    ],
    "ijk": [
        {
            "group": "软解码",
            "options": [
                {
                    "category": 4,
                    "name": "opensles",
                    "value": "0"
                },
                {
                    "category": 4,
                    "name": "overlay-format",
                    "value": "842225234"
                },
                {
                    "category": 4,
                    "name": "framedrop",
                    "value": "1"
                },
                {
                    "category": 4,
                    "name": "soundtouch",
                    "value": "1"
                },
                {
                    "category": 4,
                    "name": "start-on-prepared",
                    "value": "1"
                },
                {
                    "category": 1,
                    "name": "http-detect-range-support",
                    "value": "0"
                },
                {
                    "category": 1,
                    "name": "fflags",
                    "value": "fastseek"
                },
                {
                    "category": 2,
                    "name": "skip_loop_filter",
                    "value": "48"
                },
                {
                    "category": 4,
                    "name": "reconnect",
                    "value": "1"
                },
                {
                    "category": 4,
                    "name": "enable-accurate-seek",
                    "value": "0"
                },
                {
                    "category": 4,
                    "name": "mediacodec",
                    "value": "0"
                },
                {
                    "category": 4,
                    "name": "mediacodec-auto-rotate",
                    "value": "0"
                },
                {
                    "category": 4,
                    "name": "mediacodec-handle-resolution-change",
                    "value": "0"
                },
                {
                    "category": 4,
                    "name": "mediacodec-hevc",
                    "value": "0"
                },
                {
                    "category": 1,
                    "name": "dns_cache_timeout",
                    "value": "600000000"
                }
            ]
        },
        {
            "group": "硬解码",
            "options": [
                {
                    "category": 4,
                    "name": "opensles",
                    "value": "0"
                },
                {
                    "category": 4,
                    "name": "overlay-format",
                    "value": "842225234"
                },
                {
                    "category": 4,
                    "name": "framedrop",
                    "value": "1"
                },
                {
                    "category": 4,
                    "name": "soundtouch",
                    "value": "1"
                },
                {
                    "category": 4,
                    "name": "start-on-prepared",
                    "value": "1"
                },
                {
                    "category": 1,
                    "name": "http-detect-range-support",
                    "value": "0"
                },
                {
                    "category": 1,
                    "name": "fflags",
                    "value": "fastseek"
                },
                {
                    "category": 2,
                    "name": "skip_loop_filter",
                    "value": "48"
                },
                {
                    "category": 4,
                    "name": "reconnect",
                    "value": "1"
                },
                {
                    "category": 4,
                    "name": "enable-accurate-seek",
                    "value": "0"
                },
                {
                    "category": 4,
                    "name": "mediacodec",
                    "value": "1"
                },
                {
                    "category": 4,
                    "name": "mediacodec-auto-rotate",
                    "value": "1"
                },
                {
                    "category": 4,
                    "name": "mediacodec-handle-resolution-change",
                    "value": "1"
                },
                {
                    "category": 4,
                    "name": "mediacodec-hevc",
                    "value": "1"
                },
                {
                    "category": 1,
                    "name": "dns_cache_timeout",
                    "value": "600000000"
                }
            ]
        }
    ],
    "ads": [
        "static-mozai.4gtv.tv"
    ]
}